<?xml version="1.0" encoding="UTF-8"?>
<project-private xmlns="http://www.netbeans.org/ns/project-private/1">
    <editor-bookmarks xmlns="http://www.netbeans.org/ns/editor-bookmarks/2" lastBookmarkId="0"/>
    <open-files xmlns="http://www.netbeans.org/ns/projectui-open-files/2">
        <group>
            <file>file:/E:/Apps/wamp64/www/PSI_projekat2/app/Models/Shop_CategoryModel.php</file>
            <file>file:/E:/Apps/wamp64/www/PSI_projekat2/app/Controllers/Shop.php</file>
            <file>file:/E:/Apps/wamp64/www/PSI_projekat2/app/Views/pages/showUserRequest.php</file>
            <file>file:/E:/Apps/wamp64/www/PSI_projekat2/app/Models/UserModel.php</file>
            <file>file:/E:/Apps/wamp64/www/PSI_projekat2/app/Models/DeliveryRequestsModel.php</file>
            <file>file:/E:/Apps/wamp64/www/PSI_projekat2/app/Models/ShopModel.php</file>
            <file>file:/E:/Apps/wamp64/www/PSI_projekat2/app/Models/DeliveryAddOnsModel.php</file>
        </group>
    </open-files>
</project-private>
